chr	island_start	island_end	island_ID	POS_island	SNV_start	SNV_END	rsID	gene_name	chr	Desert_start	Desert_end	bp_overlap
chr1	105353008	105356009	region_214	chr1_105353008_105356009	105354508	105354509	Nan		chr1	104857377	120057386	3001
chr1	107101728	107104729	region_215	chr1_107101728_107104729	107101959	107101960	rs116509870	NTNG1, PRMT6	chr1	104857377	120057386	3001
chr1	107101728	107104729	region_215	chr1_107101728_107104729	107102650	107102651	Nan	NTNG1, PRMT6	chr1	104857377	120057386	3001
chr1	107101728	107104729	region_215	chr1_107101728_107104729	107103228	107103229	rs60056709	NTNG1, PRMT6	chr1	104857377	120057386	3001
chr1	108700253	108703254	region_216	chr1_108700253_108703254	108701753	108701754	rs60766496	FNDC7, PRPF38B	chr1	104857377	120057386	3001
chr1	110067573	110070574	region_217	chr1_110067573_110070574	110069073	110069074	rs57976312	ALX3, STRIP1	chr1	104857377	120057386	3001
chr1	110216155	110219156	region_218	chr1_110216155_110219156	110217655	110217656	rs12410908	RBM15, KCNC4	chr1	104857377	120057386	3001
chr1	110226299	110229300	region_219	chr1_110226299_110229300	110226932	110226933	rs753788026	RBM15, KCNC4	chr1	104857377	120057386	3001
chr1	110226299	110229300	region_219	chr1_110226299_110229300	110227799	110227800	rs114937306	RBM15, KCNC4	chr1	104857377	120057386	3001
chr1	110349151	110352152	region_220	chr1_110349151_110352152	110350651	110350652	rs575988067	RBM15, SLC16A4	chr1	104857377	120057386	3001
chr1	110717162	110720163	region_221	chr1_110717162_110720163	110718098	110718099	rs147275089	CD53, KCNA3	chr1	104857377	120057386	3001
chr1	110717162	110720163	region_221	chr1_110717162_110720163	110718662	110718663	rs139403147	CD53, KCNA3	chr1	104857377	120057386	3001
chr1	110717162	110720163	region_221	chr1_110717162_110720163	110719316	110719317	rs114902900	CD53, KCNA3	chr1	104857377	120057386	3001
chr1	111162140	111165141	region_222	chr1_111162140_111165141	111163640	111163641	rs79854391	DRAM2, DENND2D	chr1	104857377	120057386	3001
chr1	112714724	112717725	region_223	chr1_112714724_112717725	112716163	112716164	rs112565926	ENSG00000271810, FAM19A3, PPM1J	chr1	104857377	120057386	3001
chr1	112714724	112717725	region_223	chr1_112714724_112717725	112716224	112716225	rs75673936	ENSG00000271810, FAM19A3, PPM1J	chr1	104857377	120057386	3001
chr1	112977057	112980058	region_224	chr1_112977057_112980058	112978557	112978558	rs114477819	LRIG2, SLC16A1	chr1	104857377	120057386	3001
chr1	115530847	115533848	region_225	chr1_115530847_115533848	115531662	115531663	rs481426	NGF, VANGL1	chr1	104857377	120057386	3001
chr1	115530847	115533848	region_225	chr1_115530847_115533848	115532347	115532348	rs552457	NGF, VANGL1	chr1	104857377	120057386	3001
chr1	116695143	116698144	region_226	chr1_116695143_116698144	116696643	116696644	rs17036190	CD2, IGSF3	chr1	104857377	120057386	3001
chr1	116872563	116875564	region_227	chr1_116872563_116875564	116874063	116874064	rs61345235	PTGFRN, CD2	chr1	104857377	120057386	3001
chr1	116877023	116880024	region_228	chr1_116877023_116880024	116877146	116877147	rs7532178	PTGFRN, CD2	chr1	104857377	120057386	3001
chr1	116877023	116880024	region_228	chr1_116877023_116880024	116877389	116877390	rs114894696	PTGFRN, CD2	chr1	104857377	120057386	3001
chr1	116877023	116880024	region_228	chr1_116877023_116880024	116878523	116878524	rs112128260	PTGFRN, CD2	chr1	104857377	120057386	3001
chr1	116877023	116880024	region_228	chr1_116877023_116880024	116878650	116878651	rs113460056	PTGFRN, CD2	chr1	104857377	120057386	3001
chr1	117016534	117019535	region_229	chr1_117016534_117019535	117018034	117018035	rs114951373	TTF2, CD101	chr1	104857377	120057386	3001
chr1	117044150	117047512	region_230	chr1_117044150_117047512	117044255	117044256	rs4233449	TTF2, CD101	chr1	104857377	120057386	3362
chr1	117044150	117047512	region_230	chr1_117044150_117047512	117045650	117045651	rs12354370	TTF2, CD101	chr1	104857377	120057386	3362
chr1	117044150	117047512	region_230	chr1_117044150_117047512	117046011	117046012	rs12354372	TTF2, CD101	chr1	104857377	120057386	3362
chr1	117859603	117862604	region_231	chr1_117859603_117862604	117861103	117861104	rs74113063	GDAP2, FAM46C	chr1	104857377	120057386	3001
chr1	117928300	117931301	region_232	chr1_117928300_117931301	117929322	117929323	rs17037749	GDAP2, WDR3	chr1	104857377	120057386	3001
chr1	117928300	117931301	region_232	chr1_117928300_117931301	117929800	117929801	rs6696148	GDAP2, WDR3	chr1	104857377	120057386	3001
chr1	117928300	117931301	region_232	chr1_117928300_117931301	117931134	117931135	rs77149591	GDAP2, WDR3	chr1	104857377	120057386	3001
chr1	117967434	117970435	region_233	chr1_117967434_117970435	117967631	117967632	rs74114941	WDR3, SPAG17	chr1	104857377	120057386	3001
chr1	117967434	117970435	region_233	chr1_117967434_117970435	117968934	117968935	rs74114945	WDR3, SPAG17	chr1	104857377	120057386	3001
chr3	74623143	74628688	region_3076	chr3_74623143_74628688	74623239	74623240	rs78916875	CNTN3	chr3	74050848	89250850	5545
chr3	74623143	74628688	region_3076	chr3_74623143_74628688	74624643	74624644	rs74469963	CNTN3	chr3	74050848	89250850	5545
chr3	74623143	74628688	region_3076	chr3_74623143_74628688	74626997	74626998	rs78857705	CNTN3	chr3	74050848	89250850	5545
chr3	74623143	74628688	region_3076	chr3_74623143_74628688	74627187	74627188	rs77906707	CNTN3	chr3	74050848	89250850	5545
chr3	74623143	74628688	region_3076	chr3_74623143_74628688	74627688	74627689	rs74923620	CNTN3	chr3	74050848	89250850	5545
chr3	75173678	75178569	region_3077	chr3_75173678_75178569	75175178	75175179	rs112414431	CNTN3, FRG2C	chr3	74050848	89250850	4891
chr3	75173678	75178569	region_3077	chr3_75173678_75178569	75175847	75175848	rs60534521	CNTN3, FRG2C	chr3	74050848	89250850	4891
chr3	75173678	75178569	region_3077	chr3_75173678_75178569	75177068	75177069	rs75689691	CNTN3, FRG2C	chr3	74050848	89250850	4891
chr3	75328358	75331359	region_3078	chr3_75328358_75331359	75329858	75329859	rs77247598	CNTN3, FRG2C	chr3	74050848	89250850	3001
chr3	76506172	76509173	region_3079	chr3_76506172_76509173	76507672	76507673	rs374900113	ROBO2	chr3	74050848	89250850	3001
chr3	76576007	76579008	region_3080	chr3_76576007_76579008	76577507	76577508	rs184311849	ROBO2	chr3	74050848	89250850	3001
chr3	76576007	76579008	region_3080	chr3_76576007_76579008	76578609	76578610	rs368856617	ROBO2	chr3	74050848	89250850	3001
chr3	76820095	76823096	region_3081	chr3_76820095_76823096	76821426	76821427	rs116788140	ROBO2	chr3	74050848	89250850	3001
chr3	76820095	76823096	region_3081	chr3_76820095_76823096	76821595	76821596	Nan	ROBO2	chr3	74050848	89250850	3001
chr3	77144648	77147649	region_3082	chr3_77144648_77147649	77145042	77145043	rs12494225		chr3	74050848	89250850	3001
chr3	77144648	77147649	region_3082	chr3_77144648_77147649	77146148	77146149	rs74511666		chr3	74050848	89250850	3001
chr3	80038638	80041639	region_3083	chr3_80038638_80041639	80038916	80038917	Nan	ROBO1	chr3	74050848	89250850	3001
chr3	80038638	80041639	region_3083	chr3_80038638_80041639	80040138	80040139	Nan	ROBO1	chr3	74050848	89250850	3001
chr3	80140759	80143760	region_3084	chr3_80140759_80143760	80142259	80142260	rs74736524	ROBO1	chr3	74050848	89250850	3001
chr3	80140759	80143760	region_3084	chr3_80140759_80143760	80143418	80143419	rs116293607	ROBO1	chr3	74050848	89250850	3001
chr3	86989104	86992105	region_3085	chr3_86989104_86992105	86990604	86990605	rs77950373	VGLL3	chr3	74050848	89250850	3001
chr3	88752274	88755275	region_3086	chr3_88752274_88755275	88753774	88753775	rs17026247	EPHA3, C3orf38	chr3	74050848	89250850	3001
chr7	106593463	106596464	region_4229	chr7_106593463_106596464	106594963	106594964	Nan	NAMPT, CCDC71L	chr7	106559553	123559946	3001
chr7	107603777	107606778	region_4230	chr7_107603777_107606778	107605069	107605070	rs79582531	SLC26A4, BCAP29	chr7	106559553	123559946	3001
chr7	107603777	107606778	region_4230	chr7_107603777_107606778	107605277	107605278	rs78150495	SLC26A4, BCAP29	chr7	106559553	123559946	3001
chr7	107603777	107606778	region_4230	chr7_107603777_107606778	107605652	107605653	rs74433200	SLC26A4, BCAP29	chr7	106559553	123559946	3001
chr7	108054343	108057344	region_4231	chr7_108054343_108057344	108055843	108055844	rs17154865,COSM3762324	LAMB1, LAMB4	chr7	106559553	123559946	3001
chr7	108280267	108283268	region_4232	chr7_108280267_108283268	108281767	108281768	rs73201504	LAMB4, NRCAM	chr7	106559553	123559946	3001
chr7	108280267	108283268	region_4232	chr7_108280267_108283268	108282386	108282387	rs3753152	LAMB4, NRCAM	chr7	106559553	123559946	3001
chr7	108974852	108977853	region_4233	chr7_108974852_108977853	108976352	108976353	rs528162947	THAP5	chr7	106559553	123559946	3001
chr7	108974852	108977853	region_4233	chr7_108974852_108977853	108977405	108977406	rs191092818	THAP5	chr7	106559553	123559946	3001
chr7	110386997	110389998	region_4234	chr7_110386997_110389998	110388497	110388498	rs77210990	LRRN3	chr7	106559553	123559946	3001
chr7	111107071	111110072	region_4235	chr7_111107071_111110072	111108571	111108572	rs214881	LRRN3, IMMP2L	chr7	106559553	123559946	3001
chr7	111179344	111182345	region_4236	chr7_111179344_111182345	111180844	111180845	rs10257931	LRRN3, IMMP2L	chr7	106559553	123559946	3001
chr7	111230346	111233347	region_4237	chr7_111230346_111233347	111231846	111231847	rs112677328	LRRN3, IMMP2L	chr7	106559553	123559946	3001
chr7	112937446	112941365	region_4238	chr7_112937446_112941365	112938946	112938947	rs28722087	BMT2	chr7	106559553	123559946	3919
chr7	112937446	112941365	region_4238	chr7_112937446_112941365	112939079	112939080	rs28560010	BMT2	chr7	106559553	123559946	3919
chr7	112937446	112941365	region_4238	chr7_112937446_112941365	112939864	112939865	rs10229725	BMT2	chr7	106559553	123559946	3919
chr7	114404095	114407096	region_4239	chr7_114404095_114407096	114405595	114405596	rs75755264	PPP1R3A, FOXP2	chr7	106559553	123559946	3001
chr7	115905946	115908947	region_4240	chr7_115905946_115908947	115907281	115907282	Nan	TFEC, MDFIC	chr7	106559553	123559946	3001
chr7	115905946	115908947	region_4240	chr7_115905946_115908947	115907446	115907447	Nan	TFEC, MDFIC	chr7	106559553	123559946	3001
chr7	115909144	115912145	region_4241	chr7_115909144_115912145	115910644	115910645	Nan	TFEC, MDFIC	chr7	106559553	123559946	3001
chr7	115909144	115912145	region_4241	chr7_115909144_115912145	115911892	115911893	Nan	TFEC, MDFIC	chr7	106559553	123559946	3001
chr7	115909144	115912145	region_4241	chr7_115909144_115912145	115912077	115912078	Nan	TFEC, MDFIC	chr7	106559553	123559946	3001
chr7	116602032	116605033	region_4242	chr7_116602032_116605033	116603532	116603533	rs7790059	MET, CAV1	chr7	106559553	123559946	3001
chr7	116602032	116605033	region_4242	chr7_116602032_116605033	116603973	116603974	rs76079067	MET, CAV1	chr7	106559553	123559946	3001
chr7	116602032	116605033	region_4242	chr7_116602032_116605033	116603975	116603976	rs534836883	MET, CAV1	chr7	106559553	123559946	3001
chr7	116602032	116605033	region_4242	chr7_116602032_116605033	116604417	116604418	rs6962094	MET, CAV1	chr7	106559553	123559946	3001
chr7	116770223	116773224	region_4243	chr7_116770223_116773224	116771723	116771724	rs6978257	CAPZA2, MET	chr7	106559553	123559946	3001
chr7	116836073	116839074	region_4244	chr7_116836073_116839074	116837573	116837574	rs73715704	CAPZA2, MET	chr7	106559553	123559946	3001
chr7	117039572	117042573	region_4245	chr7_117039572_117042573	117041072	117041073	rs9969267	ST7, WNT2	chr7	106559553	123559946	3001
chr7	117045073	117048074	region_4246	chr7_117045073_117048074	117046573	117046574	rs75389385	ST7, WNT2	chr7	106559553	123559946	3001
chr7	117121357	117126545	region_4247	chr7_117121357_117126545	117122857	117122858	rs147490261	ST7, WNT2	chr7	106559553	123559946	5188
chr7	117121357	117126545	region_4247	chr7_117121357_117126545	117125044	117125045	rs112323904	ST7, WNT2	chr7	106559553	123559946	5188
chr7	118264868	118267869	region_4248	chr7_118264868_118267869	118265717	118265718	rs17141177	ANKRD7	chr7	106559553	123559946	3001
chr7	118264868	118267869	region_4248	chr7_118264868_118267869	118266368	118266369	rs17141179	ANKRD7	chr7	106559553	123559946	3001
chr7	121618841	121621842	region_4249	chr7_121618841_121621842	121620341	121620342	rs75119578	PTPRZ1, FAM3C	chr7	106559553	123559946	3001
chr7	122748909	122751910	region_4250	chr7_122748909_122751910	122750409	122750410	rs141147427	RNF148, CADPS2	chr7	106559553	123559946	3001
chr7	123230049	123233224	region_4251	chr7_123230049_123233224	123231549	123231550	rs6966008	SLC13A1, IQUB	chr7	106559553	123559946	3175
chr7	123230049	123233224	region_4251	chr7_123230049_123233224	123231723	123231724	rs6946422	SLC13A1, IQUB	chr7	106559553	123559946	3175
chr7	123230049	123233224	region_4251	chr7_123230049_123233224	123232315	123232316	rs10272017	SLC13A1, IQUB	chr7	106559553	123559946	3175
chr7	123230049	123233224	region_4251	chr7_123230049_123233224	123232448	123232449	rs10258307	SLC13A1, IQUB	chr7	106559553	123559946	3175
chr8	48678290	48681291	region_4397	chr8_48678290_48681291	48679790	48679791	rs112770828	EFCAB1, UBE2V2	chr8	48487439	65587765	3001
chr8	50299421	50302422	region_4398	chr8_50299421_50302422	50300921	50300922	rs80351649	SNTG1	chr8	48487439	65587765	3001
chr8	50299421	50302422	region_4398	chr8_50299421_50302422	50302195	50302196	rs76910074	SNTG1	chr8	48487439	65587765	3001
chr8	50439665	50442666	region_4399	chr8_50439665_50442666	50441165	50441166	rs73581402	SNTG1	chr8	48487439	65587765	3001
chr8	50885979	50888980	region_4400	chr8_50885979_50888980	50887479	50887480	rs73574058	PXDNL, SNTG1	chr8	48487439	65587765	3001
chr8	52638927	52641928	region_4401	chr8_52638927_52641928	52640427	52640428	rs80346253	ALKAL1, RB1CC1	chr8	48487439	65587765	3001
chr8	53881292	53884293	region_4402	chr8_53881292_53884293	53882527	53882528	Nan	RGS20, TCEA1	chr8	48487439	65587765	3001
chr8	53881292	53884293	region_4402	chr8_53881292_53884293	53882792	53882793	Nan	RGS20, TCEA1	chr8	48487439	65587765	3001
chr8	54095949	54098950	region_4403	chr8_54095949_54098950	54097449	54097450	rs765394246	TCEA1, LYPLA1	chr8	48487439	65587765	3001
chr8	57692667	57695724	region_4404	chr8_57692667_57695724	57694167	57694168	rs114274293	IMPAD1, FAM110B	chr8	48487439	65587765	3057
chr8	57692667	57695724	region_4404	chr8_57692667_57695724	57694223	57694224	rs114826834	IMPAD1, FAM110B	chr8	48487439	65587765	3057
chr8	57692667	57695724	region_4404	chr8_57692667_57695724	57694654	57694655	rs115962255	IMPAD1, FAM110B	chr8	48487439	65587765	3057
chr8	57692667	57695724	region_4404	chr8_57692667_57695724	57695718	57695719	rs114622015	IMPAD1, FAM110B	chr8	48487439	65587765	3057
chr8	58045978	58048979	region_4405	chr8_58045978_58048979	58047121	58047122	rs73681777	UBXN2B, FAM110B	chr8	48487439	65587765	3001
chr8	58045978	58048979	region_4405	chr8_58045978_58048979	58047478	58047479	rs149766012	UBXN2B, FAM110B	chr8	48487439	65587765	3001
chr8	58832956	58835957	region_4406	chr8_58832956_58835957	58834456	58834457	rs113940135	NSMAF, TOX	chr8	48487439	65587765	3001
chr8	61036156	61039157	region_4407	chr8_61036156_61039157	61037656	61037657	rs114193809	CLVS1, CHD7	chr8	48487439	65587765	3001
chr8	61400303	61403304	region_4408	chr8_61400303_61403304	61401134	61401135	rs112842163	CLVS1, ASPH	chr8	48487439	65587765	3001
chr8	61400303	61403304	region_4408	chr8_61400303_61403304	61401803	61401804	rs112534009	CLVS1, ASPH	chr8	48487439	65587765	3001
chr8	61400303	61403304	region_4408	chr8_61400303_61403304	61402378	61402379	rs113943336	CLVS1, ASPH	chr8	48487439	65587765	3001
chr8	61436435	61439436	region_4409	chr8_61436435_61439436	61437935	61437936	rs10087306	CLVS1, ASPH	chr8	48487439	65587765	3001
chr8	61494020	61497826	region_4410	chr8_61494020_61497826	61495520	61495521	rs60793833	CLVS1, ASPH	chr8	48487439	65587765	3806
chr8	61494020	61497826	region_4410	chr8_61494020_61497826	61496325	61496326	rs16927421	CLVS1, ASPH	chr8	48487439	65587765	3806
chr8	61494020	61497826	region_4410	chr8_61494020_61497826	61496608	61496609	rs41357647	CLVS1, ASPH	chr8	48487439	65587765	3806
