chr	island_start	island_end	island_ID	POS_island	SNV_start	SNV_END	rsID	gene_name	chr	PosSel_start	PosSel_end	bp_overlap
chr1	9758305	9761306	region_34	chr1_9758305_9761306	9759805	9759806	rs139334173	CLSTN1, PIK3CD	chr1	9736648	9801324	3001
chr1	9758305	9761306	region_34	chr1_9758305_9761306	9760835	9760836	rs144200310	CLSTN1, PIK3CD	chr1	9736648	9801324	3001
chr1	13704905	13707906	region_50	chr1_13704905_13707906	13706405	13706406	rs2487624	KAZN, PRDM2	chr1	13670569	13784100	3001
chr1	33760477	33764272	region_95	chr1_33760477_33764272	33761388	33761389	rs78852889	HMGB4, ZSCAN20	chr1	33755023	33764658	3795
chr1	33760477	33764272	region_95	chr1_33760477_33764272	33761977	33761978	rs80328022	HMGB4, ZSCAN20	chr1	33755023	33764658	3795
chr1	33760477	33764272	region_95	chr1_33760477_33764272	33762430	33762431	rs74526945	HMGB4, ZSCAN20	chr1	33755023	33764658	3795
chr1	33760477	33764272	region_95	chr1_33760477_33764272	33762771	33762772	rs11800841	HMGB4, ZSCAN20	chr1	33755023	33764658	3795
chr1	33760477	33764272	region_95	chr1_33760477_33764272	33763085	33763086	rs77871882	HMGB4, ZSCAN20	chr1	33755023	33764658	3795
chr1	33760477	33764272	region_95	chr1_33760477_33764272	33763486	33763487	rs116427617	HMGB4, ZSCAN20	chr1	33755023	33764658	3795
chr1	33760477	33764272	region_95	chr1_33760477_33764272	33763538	33763539	rs144235569	HMGB4, ZSCAN20	chr1	33755023	33764658	3795
chr1	33760477	33764272	region_95	chr1_33760477_33764272	33763761	33763762	rs16835853	HMGB4, ZSCAN20	chr1	33755023	33764658	3795
chr1	33760477	33764272	region_95	chr1_33760477_33764272	33764029	33764030	rs16835855	HMGB4, ZSCAN20	chr1	33755023	33764658	3795
chr1	37360997	37363998	region_101	chr1_37360997_37363998	37362497	37362498	rs114826176	GRIK3, ZC3H12A	chr1	37347613	37384646	3001
chr1	44642479	44645480	region_119	chr1_44642479_44645480	44642872	44642873	rs117596879	TMEM53, RNF220	chr1	44633916	44648694	3001
chr1	44642479	44645480	region_119	chr1_44642479_44645480	44643979	44643980	rs117726442	TMEM53, RNF220	chr1	44633916	44648694	3001
chr1	50138571	50141572	region_133	chr1_50138571_50141572	50140071	50140072	rs141138142	ELAVL4, DMRTA2	chr1	50127566	50178019	3001
chr1	50150773	50153774	region_134	chr1_50150773_50153774	50152273	50152274	rs572997083	ELAVL4, DMRTA2	chr1	50127566	50178019	3001
chr1	77752981	77755982	region_175	chr1_77752981_77755982	77754481	77754482	rs372368078	ZZZ3, USP33	chr1	77720959	77989851	3001
chr1	89166518	89169519	region_193	chr1_89166518_89169519	89168018	89168019	rs116477288	GBP2, GBP7	chr1	89113929	89262700	3001
chr1	89200278	89203279	region_194	chr1_89200278_89203279	89201778	89201779	Nan	GBP4	chr1	89113929	89262700	3001
chr1	89200278	89203279	region_194	chr1_89200278_89203279	89203133	89203134	Nan	GBP4	chr1	89113929	89262700	3001
chr1	112977057	112980058	region_224	chr1_112977057_112980058	112978557	112978558	rs114477819	LRIG2, SLC16A1	chr1	112885054	113017932	3001
chr1	169868073	169871074	region_274	chr1_169868073_169871074	169869573	169869574	rs17543730	METTL18, SCYL3	chr1	169796893	170082089	3001
chr1	169892523	169895524	region_275	chr1_169892523_169895524	169892922	169892923	rs12131357	SCYL3	chr1	169796893	170082089	3001
chr1	169892523	169895524	region_275	chr1_169892523_169895524	169894023	169894024	rs75851226	SCYL3	chr1	169796893	170082089	3001
chr1	170073521	170076522	region_276	chr1_170073521_170076522	170075021	170075022	rs12141613	KIFAP3	chr1	169796893	170082089	3001
chr1	218692413	218695414	region_364	chr1_218692413_218695414	218693913	218693914	rs17571165	LYPLAL1, TGFB2	chr1	218688076	218705631	3001
chr1	218692413	218695414	region_364	chr1_218692413_218695414	218694155	218694156	rs17571172	LYPLAL1, TGFB2	chr1	218688076	218705631	3001
chr1	218692413	218695414	region_364	chr1_218692413_218695414	218694477	218694478	rs79761688	LYPLAL1, TGFB2	chr1	218688076	218705631	3001
chr1	222711291	222714292	region_376	chr1_222711291_222714292	222711737	222711738	rs76232264	AIDA, BROX	chr1	222670655	222741440	3001
chr1	222711291	222714292	region_376	chr1_222711291_222714292	222712791	222712792	rs373731852	AIDA, BROX	chr1	222670655	222741440	3001
chr1	222737489	222740490	region_377	chr1_222737489_222740490	222738989	222738990	rs142483408	DISP1, BROX	chr1	222670655	222741440	3001
chr1	229762470	229765471	region_401	chr1_229762470_229765471	229762729	229762730	rs7511945	GALNT2, URB2	chr1	229761859	229773340	3001
chr1	229762470	229765471	region_401	chr1_229762470_229765471	229763970	229763971	rs370901804	GALNT2, URB2	chr1	229761859	229773340	3001
chr1	229762470	229765471	region_401	chr1_229762470_229765471	229764551	229764552	rs370968345	GALNT2, URB2	chr1	229761859	229773340	3001
chr1	229762470	229765471	region_401	chr1_229762470_229765471	229765157	229765158	rs77055900	GALNT2, URB2	chr1	229761859	229773340	3001
chr10	110915208	110918209	region_618	chr10_110915208_110918209	110916708	110916709	Nan	SHOC2, BBIP1	chr10	110897313	111082584	3001
chr10	111036593	111039594	region_619	chr10_111036593_111039594	111036976	111036977	rs184680816	ADRA2A, SHOC2	chr10	110897313	111082584	3001
chr10	111036593	111039594	region_619	chr10_111036593_111039594	111037355	111037356	rs367716114	ADRA2A, SHOC2	chr10	110897313	111082584	3001
chr10	111036593	111039594	region_619	chr10_111036593_111039594	111038093	111038094	rs369688118	ADRA2A, SHOC2	chr10	110897313	111082584	3001
chr10	111077767	111080768	region_620	chr10_111077767_111080768	111079267	111079268	rs199567917	ADRA2A	chr10	110897313	111082584	3001
chr10	111077767	111080768	region_620	chr10_111077767_111080768	111079865	111079866	rs371273338	ADRA2A	chr10	110897313	111082584	3001
chr11	26237790	26240808	region_717	chr11_26237790_26240808	26238281	26238282	rs10834930	ANO3	chr11	26234137	26268000	3018
chr11	26237790	26240808	region_717	chr11_26237790_26240808	26238913	26238914	rs12049868	ANO3	chr11	26234137	26268000	3018
chr11	26237790	26240808	region_717	chr11_26237790_26240808	26239290	26239291	rs12223415	ANO3	chr11	26234137	26268000	3018
chr11	26237790	26240808	region_717	chr11_26237790_26240808	26239307	26239308	rs12224620	ANO3	chr11	26234137	26268000	3018
chr11	29878461	29881462	region_723	chr11_29878461_29881462	29879961	29879962	rs61383224	KCNA4	chr11	29805579	30023922	3001
chr11	29988487	29991488	region_724	chr11_29988487_29991488	29989987	29989988	rs117339755	KCNA4	chr11	29805579	30023922	3001
chr11	30001145	30004146	region_725	chr11_30001145_30004146	30002645	30002646	rs74930870	KCNA4	chr11	29805579	30023922	3001
chr11	30001145	30004146	region_725	chr11_30001145_30004146	30003589	30003590	rs76676726	KCNA4	chr11	29805579	30023922	3001
chr11	63553269	63556644	region_782	chr11_63553269_63556644	63553372	63553373	Nan	HRASLS2, RARRES3	chr11	63521345	63579978	3375
chr11	63553269	63556644	region_782	chr11_63553269_63556644	63554769	63554770	rs80201955	HRASLS2, RARRES3	chr11	63521345	63579978	3375
chr11	63553269	63556644	region_782	chr11_63553269_63556644	63555143	63555144	rs77449805	HRASLS2, RARRES3	chr11	63521345	63579978	3375
chr11	102366005	102369006	region_835	chr11_102366005_102369006	102366988	102366989	rs12275349	BIRC2, TMEM123	chr11	102347321	102412060	3001
chr11	102366005	102369006	region_835	chr11_102366005_102369006	102367505	102367506	rs10219215	BIRC2, TMEM123	chr11	102347321	102412060	3001
chr11	102389317	102393218	region_836	chr11_102389317_102393218	102390817	102390818	rs12291114	BIRC2, TMEM123	chr11	102347321	102412060	3901
chr11	102389317	102393218	region_836	chr11_102389317_102393218	102391717	102391718	rs79028911	BIRC2, TMEM123	chr11	102347321	102412060	3901
chr11	102394866	102397867	region_837	chr11_102394866_102397867	102396366	102396367	rs1058606	BIRC2, TMEM123	chr11	102347321	102412060	3001
chr11	102394866	102397867	region_837	chr11_102394866_102397867	102397088	102397089	rs11547916	BIRC2, TMEM123	chr11	102347321	102412060	3001
chr11	111725729	111728786	region_848	chr11_111725729_111728786	111727229	111727230	rs150560721	PPP2R1B, SIK2	chr11	111669827	111897584	3057
chr11	111725729	111728786	region_848	chr11_111725729_111728786	111727285	111727286	rs117113318	PPP2R1B, SIK2	chr11	111669827	111897584	3057
chr11	111725729	111728786	region_848	chr11_111725729_111728786	111727583	111727584	rs61899391	PPP2R1B, SIK2	chr11	111669827	111897584	3057
chr11	111725729	111728786	region_848	chr11_111725729_111728786	111727861	111727862	rs117205104	PPP2R1B, SIK2	chr11	111669827	111897584	3057
chr11	111725729	111728786	region_848	chr11_111725729_111728786	111728119	111728120	rs77936162	PPP2R1B, SIK2	chr11	111669827	111897584	3057
chr11	111869744	111872745	region_849	chr11_111869744_111872745	111871244	111871245	rs190878599	ALG9	chr11	111669827	111897584	3001
chr12	59184206	59187583	region_1036	chr12_59184206_59187583	59184400	59184401	rs78079406	SLC16A7, LRIG3	chr12	59162979	59262212	3377
chr12	59184206	59187583	region_1036	chr12_59184206_59187583	59185640	59185641	rs77886261	SLC16A7, LRIG3	chr12	59162979	59262212	3377
chr12	59184206	59187583	region_1036	chr12_59184206_59187583	59185706	59185707	rs75169163	SLC16A7, LRIG3	chr12	59162979	59262212	3377
chr12	59184206	59187583	region_1036	chr12_59184206_59187583	59186002	59186003	rs76628935	SLC16A7, LRIG3	chr12	59162979	59262212	3377
chr12	59184206	59187583	region_1036	chr12_59184206_59187583	59186036	59186037	rs76026522	SLC16A7, LRIG3	chr12	59162979	59262212	3377
chr12	59184206	59187583	region_1036	chr12_59184206_59187583	59186082	59186083	rs77950357	SLC16A7, LRIG3	chr12	59162979	59262212	3377
chr12	59184206	59187583	region_1036	chr12_59184206_59187583	59187305	59187306	rs115255130	SLC16A7, LRIG3	chr12	59162979	59262212	3377
chr12	68332911	68335912	region_1046	chr12_68332911_68335912	68334411	68334412	Nan	MDM1	chr12	68289948	68337485	3001
chr13	110022679	110025680	region_1306	chr13_110022679_110025680	110024179	110024180	rs74533944	IRS2, COL4A1	chr13	110020555	110031385	3001
chr13	110022679	110025680	region_1306	chr13_110022679_110025680	110025287	110025288	rs116899108	IRS2, COL4A1	chr13	110020555	110031385	3001
chr13	110022679	110025680	region_1306	chr13_110022679_110025680	110025302	110025303	rs142577297	IRS2, COL4A1	chr13	110020555	110031385	3001
chr13	110022679	110025680	region_1306	chr13_110022679_110025680	110025329	110025330	rs117355333	IRS2, COL4A1	chr13	110020555	110031385	3001
chr13	110022679	110025680	region_1306	chr13_110022679_110025680	110025338	110025339	rs79824311	IRS2, COL4A1	chr13	110020555	110031385	3001
chr14	37708339	37711340	region_1355	chr14_37708339_37711340	37709839	37709840	rs12890074	SSTR1, FOXA1	chr14	37696576	37727102	3001
chr14	37708339	37711340	region_1355	chr14_37708339_37711340	37710422	37710423	rs12890845	SSTR1, FOXA1	chr14	37696576	37727102	3001
chr14	52934458	52937483	region_1364	chr14_52934458_52937483	52935585	52935586	rs114435517	GNPNAT1, FERMT2	chr14	52932284	52958776	3025
chr14	52934458	52937483	region_1364	chr14_52934458_52937483	52935958	52935959	rs17093030	GNPNAT1, FERMT2	chr14	52932284	52958776	3025
chr14	52934458	52937483	region_1364	chr14_52934458_52937483	52935982	52935983	rs17093032	GNPNAT1, FERMT2	chr14	52932284	52958776	3025
chr14	52942836	52946070	region_1365	chr14_52942836_52946070	52943397	52943398	rs114026148	GNPNAT1, FERMT2	chr14	52932284	52958776	3234
chr14	52942836	52946070	region_1365	chr14_52942836_52946070	52944083	52944084	rs17125964	GNPNAT1, FERMT2	chr14	52932284	52958776	3234
chr14	52942836	52946070	region_1365	chr14_52942836_52946070	52944336	52944337	rs116272507	GNPNAT1, FERMT2	chr14	52932284	52958776	3234
chr14	52942836	52946070	region_1365	chr14_52942836_52946070	52944396	52944397	rs17125966	GNPNAT1, FERMT2	chr14	52932284	52958776	3234
chr14	52942836	52946070	region_1365	chr14_52942836_52946070	52944569	52944570	rs17125968	GNPNAT1, FERMT2	chr14	52932284	52958776	3234
chr14	52947487	52951940	region_1366	chr14_52947487_52951940	52948987	52948988	rs17125979	GNPNAT1, FERMT2	chr14	52932284	52958776	4453
chr14	52947487	52951940	region_1366	chr14_52947487_52951940	52949700	52949701	rs17125983	GNPNAT1, FERMT2	chr14	52932284	52958776	4453
chr14	52947487	52951940	region_1366	chr14_52947487_52951940	52950439	52950440	rs61741989	GNPNAT1, FERMT2	chr14	52932284	52958776	4453
chr14	71720679	71723680	region_1392	chr14_71720679_71723680	71722179	71722180	rs118137914	RGS6, SIPA1L1	chr14	71282684	71748293	3001
chr15	69917728	69922450	region_1551	chr15_69917728_69922450	69918835	69918836	rs78564747	TLE3, RPLP1	chr15	69917725	69941035	4722
chr15	69917728	69922450	region_1551	chr15_69917728_69922450	69918863	69918864	rs74895644	TLE3, RPLP1	chr15	69917725	69941035	4722
chr15	69917728	69922450	region_1551	chr15_69917728_69922450	69918982	69918983	rs76066629	TLE3, RPLP1	chr15	69917725	69941035	4722
chr15	69917728	69922450	region_1551	chr15_69917728_69922450	69919228	69919229	rs77305162	TLE3, RPLP1	chr15	69917725	69941035	4722
chr15	69917728	69922450	region_1551	chr15_69917728_69922450	69919238	69919239	rs140521863	TLE3, RPLP1	chr15	69917725	69941035	4722
chr15	69917728	69922450	region_1551	chr15_69917728_69922450	69920179	69920180	rs76689183	TLE3, RPLP1	chr15	69917725	69941035	4722
chr15	69917728	69922450	region_1551	chr15_69917728_69922450	69920949	69920950	rs77023191	TLE3, RPLP1	chr15	69917725	69941035	4722
chr15	69917728	69922450	region_1551	chr15_69917728_69922450	69921935	69921936	rs79035796	TLE3, RPLP1	chr15	69917725	69941035	4722
chr15	69930579	69933580	region_1552	chr15_69930579_69933580	69932079	69932080	rs10518851	TLE3, RPLP1	chr15	69917725	69941035	3001
chr15	70064968	70067969	region_1555	chr15_70064968_70067969	70066468	70066469	rs3784661	TLE3, RPLP1	chr15	70063386	70079599	3001
chr15	70068745	70071746	region_1556	chr15_70068745_70071746	70070245	70070246	rs12593849	TLE3, RPLP1	chr15	70063386	70079599	3001
chr15	70068745	70071746	region_1556	chr15_70068745_70071746	70071079	70071080	rs3784666	TLE3, RPLP1	chr15	70063386	70079599	3001
chr16	30956832	30959833	region_1689	chr16_30956832_30959833	30958332	30958333	Nan	HSD3B7, SETD1A	chr16	30917635	30989738	3001
chr16	46918973	46921974	region_1696	chr16_46918973_46921974	46920473	46920474	Nan	GPT2, DNAJA2	chr16	46754361	46940694	3001
chr17	49676153	49679154	region_1900	chr17_49676153_49679154	49677653	49677654	rs374593044	SPOP	chr17	49585224	49860127	3001
chr17	49755913	49758914	region_1901	chr17_49755913_49758914	49757413	49757414	rs59046563	SLC35B1, KAT7	chr17	49585224	49860127	3001
chr17	49755913	49758914	region_1901	chr17_49755913_49758914	49757970	49757971	rs561283532	SLC35B1, KAT7	chr17	49585224	49860127	3001
chr17	49763460	49766461	region_1902	chr17_49763460_49766461	49764960	49764961	rs530381984	SLC35B1, KAT7	chr17	49585224	49860127	3001
chr17	49786522	49791277	region_1903	chr17_49786522_49791277	49788022	49788023	Nan	KAT7	chr17	49585224	49860127	4755
chr17	49786522	49791277	region_1903	chr17_49786522_49791277	49789776	49789777	rs528343709	KAT7	chr17	49585224	49860127	4755
chr18	4850404	4853405	region_1981	chr18_4850404_4853405	4851904	4851905	rs117985929	DLGAP1, AKAIN1	chr18	4841560	4925740	3001
chr18	4906329	4910060	region_1982	chr18_4906329_4910060	4906912	4906913	rs78582018	DLGAP1, AKAIN1	chr18	4841560	4925740	3731
chr18	4906329	4910060	region_1982	chr18_4906329_4910060	4907829	4907830	rs143531560	DLGAP1, AKAIN1	chr18	4841560	4925740	3731
chr18	4906329	4910060	region_1982	chr18_4906329_4910060	4908365	4908366	rs80253066	DLGAP1, AKAIN1	chr18	4841560	4925740	3731
chr18	4906329	4910060	region_1982	chr18_4906329_4910060	4908559	4908560	rs79965868	DLGAP1, AKAIN1	chr18	4841560	4925740	3731
chr18	21739214	21742215	region_2002	chr18_21739214_21742215	21740714	21740715	rs3017044	MIB1	chr18	21597159	21880107	3001
chr18	74854586	74857587	region_2090	chr18_74854586_74857587	74856086	74856087	rs148622220	ZNF407, ZADH2	chr18	74830615	74874153	3001
chr19	15264240	15267241	region_2153	chr19_15264240_15267241	15265740	15265741	Nan	EPHX3, BRD4	chr19	15239537	15427286	3001
chr19	41993610	41996611	region_2213	chr19_41993610_41996611	41995110	41995111	rs534165631	ATP1A3	chr19	41948287	42096867	3001
chr19	42011228	42014556	region_2214	chr19_42011228_42014556	42012728	42012729	rs113665749	ATP1A3, GRIK5	chr19	41948287	42096867	3328
chr19	42011228	42014556	region_2214	chr19_42011228_42014556	42013055	42013056	rs75792349	ATP1A3, GRIK5	chr19	41948287	42096867	3328
chr2	4534542	4537543	region_2264	chr2_4534542_4537543	4535308	4535309	rs78904622	DCDC2C	chr2	4533280	4553357	3001
chr2	4534542	4537543	region_2264	chr2_4534542_4537543	4535712	4535713	rs17562653	DCDC2C	chr2	4533280	4553357	3001
chr2	4534542	4537543	region_2264	chr2_4534542_4537543	4536042	4536043	rs77588755	DCDC2C	chr2	4533280	4553357	3001
chr2	4534542	4537543	region_2264	chr2_4534542_4537543	4537284	4537285	rs77591118	DCDC2C	chr2	4533280	4553357	3001
chr2	63035482	63038483	region_2372	chr2_63035482_63038483	63036982	63036983	rs114426345	OTX1, EHBP1	chr2	62763098	63321590	3001
chr2	63052933	63055934	region_2373	chr2_63052933_63055934	63054433	63054434	rs531876382	OTX1, WDPCP	chr2	62763098	63321590	3001
chr2	63052933	63055934	region_2373	chr2_63052933_63055934	63055400	63055401	rs569334259	OTX1, WDPCP	chr2	62763098	63321590	3001
chr2	63181310	63184311	region_2374	chr2_63181310_63184311	63182810	63182811	rs13408991	OTX1, WDPCP	chr2	62763098	63321590	3001
chr2	71390580	71393581	region_2383	chr2_71390580_71393581	71392080	71392081	rs377514062	DYSF, ZNF638	chr2	71250831	71454808	3001
chr2	95055038	95058039	region_2413	chr2_95055038_95058039	95056538	95056539	Nan	MAL, MRPS5	chr2	94953113	95285388	3001
chr2	95163755	95167289	region_2414	chr2_95163755_95167289	95165255	95165256	Nan	ZNF2	chr2	94953113	95285388	3534
chr2	95163755	95167289	region_2414	chr2_95163755_95167289	95165788	95165789	Nan	ZNF2	chr2	94953113	95285388	3534
chr2	137172115	137176510	region_2469	chr2_137172115_137176510	137172203	137172204	rs35138056	HNMT, THSD7B	chr2	137165392	137189868	4395
chr2	137172115	137176510	region_2469	chr2_137172115_137176510	137172791	137172792	rs35374169	HNMT, THSD7B	chr2	137165392	137189868	4395
chr2	137172115	137176510	region_2469	chr2_137172115_137176510	137173161	137173162	rs920097	HNMT, THSD7B	chr2	137165392	137189868	4395
chr2	137172115	137176510	region_2469	chr2_137172115_137176510	137173615	137173616	rs12105849	HNMT, THSD7B	chr2	137165392	137189868	4395
chr2	137172115	137176510	region_2469	chr2_137172115_137176510	137174126	137174127	rs13028992	HNMT, THSD7B	chr2	137165392	137189868	4395
chr2	137172115	137176510	region_2469	chr2_137172115_137176510	137174524	137174525	rs13034924	HNMT, THSD7B	chr2	137165392	137189868	4395
chr2	137172115	137176510	region_2469	chr2_137172115_137176510	137175009	137175010	rs12104704	HNMT, THSD7B	chr2	137165392	137189868	4395
chr2	137172115	137176510	region_2469	chr2_137172115_137176510	137175772	137175773	rs36093619	HNMT, THSD7B	chr2	137165392	137189868	4395
chr2	137180630	137183631	region_2470	chr2_137180630_137183631	137181819	137181820	rs11892798	HNMT, THSD7B	chr2	137165392	137189868	3001
chr2	137180630	137183631	region_2470	chr2_137180630_137183631	137181905	137181906	rs13029583	HNMT, THSD7B	chr2	137165392	137189868	3001
chr2	137180630	137183631	region_2470	chr2_137180630_137183631	137182130	137182131	rs11897956	HNMT, THSD7B	chr2	137165392	137189868	3001
chr2	151466194	151469195	region_2490	chr2_151466194_151469195	151467694	151467695	rs138523468	RIF1, NEB	chr2	151394050	151496076	3001
chr2	161838403	161841404	region_2500	chr2_161838403_161841404	161839903	161839904	rs2084543	SLC4A10, DPP4	chr2	161735815	161877556	3001
chr2	163410562	163413563	region_2506	chr2_163410562_163413563	163412062	163412063	rs75849526	KCNH7, FIGN	chr2	163408479	163426188	3001
chr2	225697608	225700609	region_2595	chr2_225697608_225700609	225699108	225699109	rs144713931	NYAP2	chr2	225687209	225802773	3001
chr20	46024277	46027278	region_2717	chr20_46024277_46027278	46025777	46025778	rs12479823	SLC12A5, NCOA5	chr20	46015896	46051476	3001
chr20	46027536	46030537	region_2718	chr20_46027536_46030537	46029036	46029037	rs60551459	SLC12A5, NCOA5	chr20	46015896	46051476	3001
chr22	19760484	19763702	region_2827	chr22_19760484_19763702	19761436	19761437	rs72646954	TBX1, RTL10	chr22	19757831	19776072	3218
chr22	19760484	19763702	region_2827	chr22_19760484_19763702	19761654	19761655	rs80179718	TBX1, RTL10	chr22	19757831	19776072	3218
chr22	19760484	19763702	region_2827	chr22_19760484_19763702	19761984	19761985	rs41298798	TBX1, RTL10	chr22	19757831	19776072	3218
chr22	19760484	19763702	region_2827	chr22_19760484_19763702	19762201	19762202	rs41298804	TBX1, RTL10	chr22	19757831	19776072	3218
chr22	20136678	20139679	region_2830	chr22_20136678_20139679	20138178	20138179	rs116846796	ZDHHC8, CCDC188	chr22	20108401	20148740	3001
chr22	35759827	35762828	region_2879	chr22_35759827_35762828	35761327	35761328	rs576517196	APOL5, RBFOX2	chr22	35752804	36017243	3001
chr22	35951035	35954036	region_2880	chr22_35951035_35954036	35952535	35952536	rs77155311	RBFOX2, APOL5	chr22	35752804	36017243	3001
chr22	35960580	35964612	region_2881	chr22_35960580_35964612	35962080	35962081	rs560473927	RBFOX2, APOL5	chr22	35752804	36017243	4032
chr22	35960580	35964612	region_2881	chr22_35960580_35964612	35962343	35962344	rs531271126	RBFOX2, APOL5	chr22	35752804	36017243	4032
chr22	35960580	35964612	region_2881	chr22_35960580_35964612	35963111	35963112	rs5750207	RBFOX2, APOL5	chr22	35752804	36017243	4032
chr3	43424034	43427035	region_3014	chr3_43424034_43427035	43424513	43424514	rs141120762	SNRK, ANO10	chr3	43393619	43543947	3001
chr3	43424034	43427035	region_3014	chr3_43424034_43427035	43425534	43425535	rs184921401	SNRK, ANO10	chr3	43393619	43543947	3001
chr3	43472268	43475269	region_3015	chr3_43472268_43475269	43473768	43473769	rs149303679	ANO10, SNRK	chr3	43393619	43543947	3001
chr3	44860392	44863393	region_3017	chr3_44860392_44863393	44861892	44861893	rs114636202	TMEM42	chr3	44596115	44882414	3001
chr3	44860392	44863393	region_3017	chr3_44860392_44863393	44862878	44862879	rs77621145	TMEM42	chr3	44596115	44882414	3001
chr3	47403908	47406909	region_3021	chr3_47403908_47406909	47405408	47405409	Nan	PTPN23, SCAP	chr3	47319400	47541896	3001
chr3	52407763	52412597	region_3033	chr3_52407763_52412597	52409263	52409264	rs409803	PHF7, BAP1	chr3	52215416	52444412	4834
chr3	52407763	52412597	region_3033	chr3_52407763_52412597	52411096	52411097	rs149672214	PHF7, BAP1	chr3	52215416	52444412	4834
chr3	62872325	62876031	region_3050	chr3_62872325_62876031	62873096	62873097	rs147258809	FEZF2, CADPS	chr3	62864122	62876746	3706
chr3	62872325	62876031	region_3050	chr3_62872325_62876031	62873825	62873826	rs149905703	FEZF2, CADPS	chr3	62864122	62876746	3706
chr3	62872325	62876031	region_3050	chr3_62872325_62876031	62874530	62874531	rs140896848	FEZF2, CADPS	chr3	62864122	62876746	3706
chr3	167166202	167169203	region_3197	chr3_167166202_167169203	167167702	167167703	rs150943205	ZBBX	chr3	167110470	167255197	3001
chr3	192169280	192172433	region_3231	chr3_192169280_192172433	192169769	192169770	rs59045380	FGF12, PYDC2	chr3	192165960	192177174	3153
chr3	192169280	192172433	region_3231	chr3_192169280_192172433	192170780	192170781	rs75996617	FGF12, PYDC2	chr3	192165960	192177174	3153
chr3	192169280	192172433	region_3231	chr3_192169280_192172433	192170894	192170895	rs76557545	FGF12, PYDC2	chr3	192165960	192177174	3153
chr3	192169280	192172433	region_3231	chr3_192169280_192172433	192170932	192170933	rs76256349	FGF12, PYDC2	chr3	192165960	192177174	3153
chr3	192169280	192172433	region_3231	chr3_192169280_192172433	192171320	192171321	rs79650810	FGF12, PYDC2	chr3	192165960	192177174	3153
chr3	192169280	192172433	region_3231	chr3_192169280_192172433	192171337	192171338	rs77559126	FGF12, PYDC2	chr3	192165960	192177174	3153
chr3	192169280	192172433	region_3231	chr3_192169280_192172433	192171394	192171395	rs35720882	FGF12, PYDC2	chr3	192165960	192177174	3153
chr3	192169280	192172433	region_3231	chr3_192169280_192172433	192171470	192171471	rs12485854	FGF12, PYDC2	chr3	192165960	192177174	3153
chr3	192169280	192172433	region_3231	chr3_192169280_192172433	192171733	192171734	rs12495448	FGF12, PYDC2	chr3	192165960	192177174	3153
chr4	19069831	19072929	region_3292	chr4_19069831_19072929	19070688	19070689	rs75915255		chr4	19062777	19077668	3098
chr4	19069831	19072929	region_3292	chr4_19069831_19072929	19071331	19071332	rs117268163		chr4	19062777	19077668	3098
chr4	19069831	19072929	region_3292	chr4_19069831_19072929	19071428	19071429	rs114034041		chr4	19062777	19077668	3098
chr4	19069831	19072929	region_3292	chr4_19069831_19072929	19072170	19072171	rs145945559		chr4	19062777	19077668	3098
chr4	113956718	113959719	region_3406	chr4_113956718_113959719	113957012	113957013	rs112944604	CAMK2D, ARSJ	chr4	113954252	114015506	3001
chr4	113956718	113959719	region_3406	chr4_113956718_113959719	113958218	113958219	rs74980454	CAMK2D, ARSJ	chr4	113954252	114015506	3001
chr4	113956718	113959719	region_3406	chr4_113956718_113959719	113958769	113958770	rs78324123	CAMK2D, ARSJ	chr4	113954252	114015506	3001
chr4	113978249	113981250	region_3407	chr4_113978249_113981250	113979749	113979750	rs75509746	ARSJ	chr4	113954252	114015506	3001
chr4	113978249	113981250	region_3407	chr4_113978249_113981250	113980636	113980637	rs75994145	ARSJ	chr4	113954252	114015506	3001
chr4	113985967	113988968	region_3408	chr4_113985967_113988968	113985987	113985988	rs79372077	UGT8, ARSJ	chr4	113954252	114015506	3001
chr4	113985967	113988968	region_3408	chr4_113985967_113988968	113986906	113986907	rs117409727	UGT8, ARSJ	chr4	113954252	114015506	3001
chr4	113985967	113988968	region_3408	chr4_113985967_113988968	113987467	113987468	rs77396640	UGT8, ARSJ	chr4	113954252	114015506	3001
chr4	118833624	118838444	region_3411	chr4_118833624_118838444	118834165	118834166	rs115673173	SEC24D	chr4	118800477	118868305	4820
chr4	118833624	118838444	region_3411	chr4_118833624_118838444	118835124	118835125	rs116514715	SEC24D	chr4	118800477	118868305	4820
chr4	118833624	118838444	region_3411	chr4_118833624_118838444	118835125	118835126	rs114678295	SEC24D	chr4	118800477	118868305	4820
chr4	118833624	118838444	region_3411	chr4_118833624_118838444	118835251	118835252	rs114938162	SEC24D	chr4	118800477	118868305	4820
chr4	118833624	118838444	region_3411	chr4_118833624_118838444	118835781	118835782	rs114970257	SEC24D	chr4	118800477	118868305	4820
chr4	118833624	118838444	region_3411	chr4_118833624_118838444	118836236	118836237	rs140120423	SEC24D	chr4	118800477	118868305	4820
chr4	118833624	118838444	region_3411	chr4_118833624_118838444	118836544	118836545	rs115681185	SEC24D	chr4	118800477	118868305	4820
chr4	118833624	118838444	region_3411	chr4_118833624_118838444	118836943	118836944	rs114963870	SEC24D	chr4	118800477	118868305	4820
chr4	118833624	118838444	region_3411	chr4_118833624_118838444	118837412	118837413	rs114940990	SEC24D	chr4	118800477	118868305	4820
chr4	118847516	118850517	region_3412	chr4_118847516_118850517	118848087	118848088	rs55744948	SYNPO2, SEC24D	chr4	118800477	118868305	3001
chr4	118847516	118850517	region_3412	chr4_118847516_118850517	118848643	118848644	rs55668908	SYNPO2, SEC24D	chr4	118800477	118868305	3001
chr4	118847516	118850517	region_3412	chr4_118847516_118850517	118849016	118849017	rs55901549	SYNPO2, SEC24D	chr4	118800477	118868305	3001
chr4	118847516	118850517	region_3412	chr4_118847516_118850517	118849482	118849483	rs17324807	SYNPO2, SEC24D	chr4	118800477	118868305	3001
chr4	118847516	118850517	region_3412	chr4_118847516_118850517	118849560	118849561	rs17324821	SYNPO2, SEC24D	chr4	118800477	118868305	3001
chr4	118847516	118850517	region_3412	chr4_118847516_118850517	118850296	118850297	rs114390336	SYNPO2, SEC24D	chr4	118800477	118868305	3001
chr4	145096117	145099118	region_3441	chr4_145096117_145099118	145097617	145097618	rs33923494	ABCE1, ANAPC10	chr4	144782047	145201669	3001
chr4	175773434	175777165	region_3495	chr4_175773434_175777165	175774132	175774133	rs17658793	GPM6A, ADAM29	chr4	175769534	175786192	3731
chr4	175773434	175777165	region_3495	chr4_175773434_175777165	175774193	175774194	rs17606634	GPM6A, ADAM29	chr4	175769534	175786192	3731
chr4	175773434	175777165	region_3495	chr4_175773434_175777165	175774255	175774256	rs17606641	GPM6A, ADAM29	chr4	175769534	175786192	3731
chr4	175773434	175777165	region_3495	chr4_175773434_175777165	175774351	175774352	rs77314747	GPM6A, ADAM29	chr4	175769534	175786192	3731
chr4	175773434	175777165	region_3495	chr4_175773434_175777165	175774934	175774935	rs145267480	GPM6A, ADAM29	chr4	175769534	175786192	3731
chr4	175773434	175777165	region_3495	chr4_175773434_175777165	175774958	175774959	rs79579415	GPM6A, ADAM29	chr4	175769534	175786192	3731
chr4	175773434	175777165	region_3495	chr4_175773434_175777165	175775138	175775139	rs77856188	GPM6A, ADAM29	chr4	175769534	175786192	3731
chr4	175773434	175777165	region_3495	chr4_175773434_175777165	175775594	175775595	rs17658976	GPM6A, ADAM29	chr4	175769534	175786192	3731
chr4	175773434	175777165	region_3495	chr4_175773434_175777165	175775664	175775665	rs17658993	GPM6A, ADAM29	chr4	175769534	175786192	3731
chr4	175773434	175777165	region_3495	chr4_175773434_175777165	175776815	175776816	rs78836917	GPM6A, ADAM29	chr4	175769534	175786192	3731
chr5	43903791	43906792	region_3574	chr5_43903791_43906792	43903808	43903809	rs6890206	NNT, FGF10	chr5	43895821	43921737	3001
chr5	43903791	43906792	region_3574	chr5_43903791_43906792	43904493	43904494	rs34823318	NNT, FGF10	chr5	43895821	43921737	3001
chr5	43903791	43906792	region_3574	chr5_43903791_43906792	43905291	43905292	rs7701488	NNT, FGF10	chr5	43895821	43921737	3001
chr5	43903791	43906792	region_3574	chr5_43903791_43906792	43906065	43906066	rs13176618	NNT, FGF10	chr5	43895821	43921737	3001
chr5	81979872	81982873	region_3612	chr5_81979872_81982873	81981372	81981373	rs543288899	ATG10, RPS23	chr5	81952281	82059763	3001
chr6	50462572	50465828	region_3863	chr6_50462572_50465828	50464072	50464073	rs148548539	DEFB112, TFAP2D	chr6	50422302	50513513	3256
chr6	50462572	50465828	region_3863	chr6_50462572_50465828	50464327	50464328	rs116355569	DEFB112, TFAP2D	chr6	50422302	50513513	3256
chr6	50706559	50709601	region_3866	chr6_50706559_50709601	50708059	50708060	rs771904558	DEFB112, TFAP2D	chr6	50679347	50731978	3042
chr6	50706559	50709601	region_3866	chr6_50706559_50709601	50708100	50708101	rs760556046	DEFB112, TFAP2D	chr6	50679347	50731978	3042
chr6	50706559	50709601	region_3866	chr6_50706559_50709601	50708532	50708533	Nan	DEFB112, TFAP2D	chr6	50679347	50731978	3042
chr6	53671649	53676730	region_3870	chr6_53671649_53676730	53671718	53671719	rs80177468	LRRC1, KLHL31	chr6	53669513	53682453	5081
chr6	53671649	53676730	region_3870	chr6_53671649_53676730	53673149	53673150	rs80087193	LRRC1, KLHL31	chr6	53669513	53682453	5081
chr6	53671649	53676730	region_3870	chr6_53671649_53676730	53673169	53673170	rs77937059	LRRC1, KLHL31	chr6	53669513	53682453	5081
chr6	53671649	53676730	region_3870	chr6_53671649_53676730	53673668	53673669	rs80271463	LRRC1, KLHL31	chr6	53669513	53682453	5081
chr6	53671649	53676730	region_3870	chr6_53671649_53676730	53673834	53673835	rs76807673	LRRC1, KLHL31	chr6	53669513	53682453	5081
chr6	53671649	53676730	region_3870	chr6_53671649_53676730	53673930	53673931	rs79357791	LRRC1, KLHL31	chr6	53669513	53682453	5081
chr6	53671649	53676730	region_3870	chr6_53671649_53676730	53674161	53674162	rs74662585	LRRC1, KLHL31	chr6	53669513	53682453	5081
chr6	53671649	53676730	region_3870	chr6_53671649_53676730	53674534	53674535	rs75724220	LRRC1, KLHL31	chr6	53669513	53682453	5081
chr6	53671649	53676730	region_3870	chr6_53671649_53676730	53674558	53674559	rs76095053	LRRC1, KLHL31	chr6	53669513	53682453	5081
chr6	53671649	53676730	region_3870	chr6_53671649_53676730	53675229	53675230	rs79257245	LRRC1, KLHL31	chr6	53669513	53682453	5081
chr6	53678051	53681052	region_3871	chr6_53678051_53681052	53679551	53679552	rs76936629	LRRC1, KLHL31	chr6	53669513	53682453	3001
chr6	53678051	53681052	region_3871	chr6_53678051_53681052	53680350	53680351	rs76660071	LRRC1, KLHL31	chr6	53669513	53682453	3001
chr6	53678051	53681052	region_3871	chr6_53678051_53681052	53680378	53680379	rs77979265	LRRC1, KLHL31	chr6	53669513	53682453	3001
chr6	53678051	53681052	region_3871	chr6_53678051_53681052	53680396	53680397	rs79916044	LRRC1, KLHL31	chr6	53669513	53682453	3001
chr6	109057204	109060205	region_3927	chr6_109057204_109060205	109057314	109057315	rs75669434	SESN1, ARMC2	chr6	109035383	109154672	3001
chr6	109057204	109060205	region_3927	chr6_109057204_109060205	109058704	109058705	rs112123945	SESN1, ARMC2	chr6	109035383	109154672	3001
chr6	109057204	109060205	region_3927	chr6_109057204_109060205	109059936	109059937	rs79723641	SESN1, ARMC2	chr6	109035383	109154672	3001
chr6	142894357	142897358	region_3991	chr6_142894357_142897358	142894401	142894402	rs9390027	HIVEP2, ADGRG6	chr6	142882770	142927126	3001
chr6	142894357	142897358	region_3991	chr6_142894357_142897358	142895857	142895858	rs9399409	HIVEP2, ADGRG6	chr6	142882770	142927126	3001
chr6	142894357	142897358	region_3991	chr6_142894357_142897358	142896183	142896184	rs9403412	HIVEP2, ADGRG6	chr6	142882770	142927126	3001
chr6	142894357	142897358	region_3991	chr6_142894357_142897358	142896561	142896562	rs9403414	HIVEP2, ADGRG6	chr6	142882770	142927126	3001
chr7	38389269	38392270	region_4145	chr7_38389269_38392270	38389950	38389951	rs36122520	STARD3NL, AMPH	chr7	38385963	38405998	3001
chr7	38389269	38392270	region_4145	chr7_38389269_38392270	38389982	38389983	rs34824107	STARD3NL, AMPH	chr7	38385963	38405998	3001
chr7	38389269	38392270	region_4145	chr7_38389269_38392270	38390226	38390227	rs41279573	STARD3NL, AMPH	chr7	38385963	38405998	3001
chr7	38389269	38392270	region_4145	chr7_38389269_38392270	38390769	38390770	rs66480552	STARD3NL, AMPH	chr7	38385963	38405998	3001
chr7	38397271	38400567	region_4146	chr7_38397271_38400567	38398771	38398772	rs77939428	STARD3NL, AMPH	chr7	38385963	38405998	3296
chr7	38397271	38400567	region_4146	chr7_38397271_38400567	38399066	38399067	rs78549720	STARD3NL, AMPH	chr7	38385963	38405998	3296
chr7	38397271	38400567	region_4146	chr7_38397271_38400567	38399234	38399235	rs76080894	STARD3NL, AMPH	chr7	38385963	38405998	3296
chr7	38397271	38400567	region_4146	chr7_38397271_38400567	38399401	38399402	rs11977538	STARD3NL, AMPH	chr7	38385963	38405998	3296
chr7	38397271	38400567	region_4146	chr7_38397271_38400567	38399508	38399509	rs76567669	STARD3NL, AMPH	chr7	38385963	38405998	3296
chr7	38397271	38400567	region_4146	chr7_38397271_38400567	38399713	38399714	rs80039411	STARD3NL, AMPH	chr7	38385963	38405998	3296
chr7	41963501	41966502	region_4148	chr7_41963501_41966502	41963588	41963589	rs114615136	INHBA, GLI3	chr7	41963492	41972642	3001
chr7	41963501	41966502	region_4148	chr7_41963501_41966502	41963674	41963675	rs77197280	INHBA, GLI3	chr7	41963492	41972642	3001
chr7	41963501	41966502	region_4148	chr7_41963501_41966502	41964193	41964194	rs78794712	INHBA, GLI3	chr7	41963492	41972642	3001
chr7	41963501	41966502	region_4148	chr7_41963501_41966502	41965001	41965002	rs34089404	INHBA, GLI3	chr7	41963492	41972642	3001
chr7	41963501	41966502	region_4148	chr7_41963501_41966502	41966246	41966247	rs34245321	INHBA, GLI3	chr7	41963492	41972642	3001
chr7	41968024	41971025	region_4149	chr7_41968024_41971025	41968131	41968132	rs77170102	INHBA, GLI3	chr7	41963492	41972642	3001
chr7	41968024	41971025	region_4149	chr7_41968024_41971025	41969524	41969525	rs7782675	INHBA, GLI3	chr7	41963492	41972642	3001
chr7	41968024	41971025	region_4149	chr7_41968024_41971025	41970828	41970829	rs76335874	INHBA, GLI3	chr7	41963492	41972642	3001
chr7	55555015	55558016	region_4171	chr7_55555015_55558016	55556515	55556516	rs147962605	VOPP1, LANCL2	chr7	55449934	55573679	3001
chr7	122748909	122751910	region_4250	chr7_122748909_122751910	122750409	122750410	rs141147427	RNF148, CADPS2	chr7	122679981	122766426	3001
chr8	47995872	47998873	region_4396	chr8_47995872_47998873	47997372	47997373	Nan	UBE2V2, MCM4	chr8	47169544	48075537	3001
chr8	78802699	78806182	region_4422	chr8_78802699_78806182	78803138	78803139	rs17414706	IL7, ZC2HC1A	chr8	78773932	78838329	3483
chr8	78802699	78806182	region_4422	chr8_78802699_78806182	78804199	78804200	rs7828417	IL7, ZC2HC1A	chr8	78773932	78838329	3483
chr8	78802699	78806182	region_4422	chr8_78802699_78806182	78804681	78804682	rs7832476	IL7, ZC2HC1A	chr8	78773932	78838329	3483
chr8	78806877	78809878	region_4423	chr8_78806877_78809878	78807294	78807295	rs72666876	IL7	chr8	78773932	78838329	3001
chr8	78806877	78809878	region_4423	chr8_78806877_78809878	78807361	78807362	rs7007634	IL7	chr8	78773932	78838329	3001
chr8	78806877	78809878	region_4423	chr8_78806877_78809878	78808377	78808378	rs72666877	IL7	chr8	78773932	78838329	3001
chr8	78819666	78822959	region_4424	chr8_78819666_78822959	78820888	78820889	rs72668606	STMN2, IL7	chr8	78773932	78838329	3293
chr8	78819666	78822959	region_4424	chr8_78819666_78822959	78821166	78821167	rs72668607	STMN2, IL7	chr8	78773932	78838329	3293
chr8	78819666	78822959	region_4424	chr8_78819666_78822959	78821458	78821459	rs72668610	STMN2, IL7	chr8	78773932	78838329	3293
chr8	78819666	78822959	region_4424	chr8_78819666_78822959	78821954	78821955	rs72668613	STMN2, IL7	chr8	78773932	78838329	3293
chr8	124774757	124777956	region_4470	chr8_124774757_124777956	124776257	124776258	rs73704412	ZNF572, MTSS1	chr8	124770944	124785822	3199
chr8	124774757	124777956	region_4470	chr8_124774757_124777956	124776360	124776361	rs55880902	ZNF572, MTSS1	chr8	124770944	124785822	3199
chr8	124774757	124777956	region_4470	chr8_124774757_124777956	124776455	124776456	rs55875518	ZNF572, MTSS1	chr8	124770944	124785822	3199
chr8	124774757	124777956	region_4470	chr8_124774757_124777956	124776724	124776725	rs4871542	ZNF572, MTSS1	chr8	124770944	124785822	3199
chr8	124774757	124777956	region_4470	chr8_124774757_124777956	124777241	124777242	rs56072090	ZNF572, MTSS1	chr8	124770944	124785822	3199
chr8	129862858	129865859	region_4479	chr8_129862858_129865859	129864358	129864359	rs148555856	GSDMC, FAM49B	chr8	129836400	129970194	3001
chr8	129862858	129865859	region_4479	chr8_129862858_129865859	129865180	129865181	rs10283332	GSDMC, FAM49B	chr8	129836400	129970194	3001
chr8	129862858	129865859	region_4479	chr8_129862858_129865859	129865468	129865469	rs192576212	GSDMC, FAM49B	chr8	129836400	129970194	3001
chr8	129862858	129865859	region_4479	chr8_129862858_129865859	129865541	129865542	rs140817553	GSDMC, FAM49B	chr8	129836400	129970194	3001
chr8	129961657	129964658	region_4480	chr8_129961657_129964658	129963157	129963158	rs75004191	FAM49B, ASAP1	chr8	129836400	129970194	3001
chr9	84504282	84507283	region_4596	chr9_84504282_84507283	84504411	84504412	rs1536438	SLC28A3, NTRK2	chr9	84490293	84509759	3001
chr9	84504282	84507283	region_4596	chr9_84504282_84507283	84505531	84505532	rs17087300	SLC28A3, NTRK2	chr9	84490293	84509759	3001
chr9	84504282	84507283	region_4596	chr9_84504282_84507283	84505782	84505783	rs71502764	SLC28A3, NTRK2	chr9	84490293	84509759	3001
chr9	84504282	84507283	region_4596	chr9_84504282_84507283	84506221	84506222	rs71502765	SLC28A3, NTRK2	chr9	84490293	84509759	3001
chr9	84504282	84507283	region_4596	chr9_84504282_84507283	84507042	84507043	rs201327281,rs71502766	SLC28A3, NTRK2	chr9	84490293	84509759	3001
chr9	97468858	97471859	region_4618	chr9_97468858_97471859	97470358	97470359	rs75517127	TMOD1, TDRD7	chr9	97442588	97501517	3001
chr9	126859786	126862787	region_4668	chr9_126859786_126862787	126860228	126860229	rs117244631	ZBTB34, ZBTB43	chr9	126859432	126868502	3001
chr9	126859786	126862787	region_4668	chr9_126859786_126862787	126861286	126861287	rs77259022	ZBTB34, ZBTB43	chr9	126859432	126868502	3001
